Timestamp,Batch,Total_Batches,Loss,CE_Loss,Acc,LR
2026-05-26 00:08:55,0,937,2.7141,2.7001,9.4,0.000005
2026-05-26 00:09:56,50,937,2.5539,2.5402,9.7,0.000012
2026-05-26 00:10:55,100,937,2.4649,2.4518,10.3,0.000018
2026-05-26 00:11:54,150,937,2.4061,2.3936,12.2,0.000025
2026-05-26 00:12:53,200,937,2.3648,2.3531,13.3,0.000031
2026-05-26 00:13:51,250,937,2.3297,2.3187,14.3,0.000038
2026-05-26 00:14:51,300,937,2.3002,2.2899,15.1,0.000045
2026-05-26 00:15:52,350,937,2.2722,2.2626,16.0,0.000051
2026-05-26 00:16:53,400,937,2.2492,2.2404,16.7,0.000058
2026-05-26 00:17:51,450,937,2.2297,2.2215,17.2,0.000064
2026-05-26 00:18:50,500,937,2.2099,2.2023,17.8,0.000071
2026-05-26 00:19:48,550,937,2.1930,2.1859,18.2,0.000078
2026-05-26 00:20:47,600,937,2.1777,2.1711,18.6,0.000084
2026-05-26 00:21:47,650,937,2.1643,2.1581,19.0,0.000091
2026-05-26 00:22:47,700,937,2.1545,2.1488,19.3,0.000097
2026-05-26 00:23:46,750,937,2.1440,2.1385,19.5,0.000104
2026-05-26 00:24:46,800,937,2.1344,2.1293,19.9,0.000111
2026-05-26 00:25:46,850,937,2.1254,2.1205,20.1,0.000117
2026-05-26 00:26:47,900,937,2.1178,2.1132,20.3,0.000124
2026-05-26 00:28:45,0,937,2.0915,2.0912,20.3,0.000129
2026-05-26 00:29:46,50,937,1.9609,1.9606,24.3,0.000135
2026-05-26 00:30:47,100,937,1.9658,1.9656,25.0,0.000142
2026-05-26 00:31:48,150,937,1.9629,1.9626,25.4,0.000148
2026-05-26 00:32:49,200,937,1.9660,1.9657,25.2,0.000155
2026-05-26 00:33:50,250,937,1.9644,1.9641,25.1,0.000162
2026-05-26 00:34:51,300,937,1.9627,1.9625,25.1,0.000168
2026-05-26 00:35:52,350,937,1.9601,1.9598,25.2,0.000175
2026-05-26 00:36:53,400,937,1.9539,1.9536,25.6,0.000181
2026-05-26 00:37:54,450,937,1.9488,1.9485,25.8,0.000188
2026-05-26 00:38:55,500,937,1.9445,1.9442,25.9,0.000195
2026-05-26 00:39:56,550,937,1.9417,1.9414,25.9,0.000201
2026-05-26 00:40:57,600,937,1.9395,1.9392,25.9,0.000208
2026-05-26 00:41:58,650,937,1.9359,1.9357,26.0,0.000214
2026-05-26 00:42:59,700,937,1.9335,1.9333,26.1,0.000221
2026-05-26 00:44:01,750,937,1.9311,1.9309,26.2,0.000228
2026-05-26 00:45:04,800,937,1.9277,1.9275,26.2,0.000234
2026-05-26 00:46:06,850,937,1.9241,1.9239,26.3,0.000241
2026-05-26 00:47:08,900,937,1.9201,1.9198,26.3,0.000247
2026-05-26 00:49:13,0,937,1.6473,1.6472,35.9,0.000252
2026-05-26 00:50:14,50,937,1.8603,1.8602,27.7,0.000259
2026-05-26 00:51:15,100,937,1.8544,1.8542,27.7,0.000265
2026-05-26 00:52:16,150,937,1.8439,1.8438,28.0,0.000272
2026-05-26 00:53:18,200,937,1.8314,1.8313,28.1,0.000279
2026-05-26 00:54:18,250,937,1.8247,1.8246,28.3,0.000285
2026-05-26 00:55:19,300,937,1.8183,1.8182,28.4,0.000292
2026-05-26 00:56:20,350,937,1.8094,1.8093,28.8,0.000298
2026-05-26 00:57:21,400,937,1.8042,1.8041,29.0,0.000305
2026-05-26 00:58:22,450,937,1.8001,1.8000,29.0,0.000312
2026-05-26 00:59:23,500,937,1.7966,1.7966,29.0,0.000318
2026-05-26 01:00:24,550,937,1.7905,1.7904,29.0,0.000325
2026-05-26 01:01:25,600,937,1.7870,1.7869,29.1,0.000331
2026-05-26 01:02:26,650,937,1.7814,1.7813,29.2,0.000338
2026-05-26 01:03:27,700,937,1.7760,1.7760,29.3,0.000345
2026-05-26 01:04:29,750,937,1.7709,1.7709,29.4,0.000351
2026-05-26 01:05:30,800,937,1.7660,1.7659,29.5,0.000358
2026-05-26 01:06:30,850,937,1.7633,1.7632,29.5,0.000364
2026-05-26 01:07:32,900,937,1.7591,1.7591,29.7,0.000371
2026-05-26 01:09:30,0,937,1.5923,1.5923,34.4,0.000376
2026-05-26 01:10:31,50,937,1.7109,1.7109,29.8,0.000382
2026-05-26 01:11:32,100,937,1.7074,1.7074,30.3,0.000389
2026-05-26 01:12:33,150,937,1.6980,1.6980,30.7,0.000396
2026-05-26 01:13:34,200,937,1.6881,1.6881,31.2,0.000402
2026-05-26 01:14:35,250,937,1.6795,1.6795,31.7,0.000409
2026-05-26 01:15:37,300,937,1.6786,1.6785,31.5,0.000415
2026-05-26 01:16:38,350,937,1.6746,1.6745,31.8,0.000422
2026-05-26 01:17:39,400,937,1.6725,1.6725,31.7,0.000429
2026-05-26 01:18:40,450,937,1.6713,1.6712,31.7,0.000435
2026-05-26 01:19:41,500,937,1.6709,1.6709,31.7,0.000442
2026-05-26 01:20:43,550,937,1.6700,1.6699,31.8,0.000448
2026-05-26 01:21:44,600,937,1.6668,1.6668,31.7,0.000455
2026-05-26 01:22:45,650,937,1.6632,1.6631,32.0,0.000462
2026-05-26 01:23:46,700,937,1.6595,1.6594,32.2,0.000468
2026-05-26 01:24:47,750,937,1.6584,1.6583,32.2,0.000475
2026-05-26 01:25:48,800,937,1.6568,1.6567,32.3,0.000482
2026-05-26 01:26:49,850,937,1.6547,1.6546,32.4,0.000488
2026-05-26 01:27:50,900,937,1.6525,1.6525,32.5,0.000495
2026-05-26 01:29:49,0,937,1.6510,1.6509,25.0,0.000499
2026-05-26 01:30:50,50,937,1.6161,1.6160,33.8,0.000500
2026-05-26 01:31:51,100,937,1.6265,1.6265,33.8,0.000500
2026-05-26 01:32:52,150,937,1.6297,1.6296,33.4,0.000500
2026-05-26 01:33:53,200,937,1.6229,1.6228,33.6,0.000500
2026-05-26 01:34:55,250,937,1.6233,1.6233,33.3,0.000500
2026-05-26 01:35:56,300,937,1.6226,1.6226,33.3,0.000500
2026-05-26 01:36:57,350,937,1.6224,1.6224,33.3,0.000500
2026-05-26 01:37:58,400,937,1.6207,1.6207,33.4,0.000500
2026-05-26 01:38:59,450,937,1.6193,1.6192,33.5,0.000500
2026-05-26 01:40:00,500,937,1.6168,1.6167,33.6,0.000500
2026-05-26 01:41:02,550,937,1.6154,1.6154,33.6,0.000500
2026-05-26 01:42:03,600,937,1.6125,1.6124,33.7,0.000500
2026-05-26 01:43:04,650,937,1.6098,1.6098,33.9,0.000500
2026-05-26 01:44:05,700,937,1.6072,1.6071,34.0,0.000500
2026-05-26 01:45:06,750,937,1.6066,1.6066,34.1,0.000500
2026-05-26 01:46:07,800,937,1.6056,1.6056,34.2,0.000500
2026-05-26 01:47:08,850,937,1.6056,1.6055,34.3,0.000500
2026-05-26 01:48:10,900,937,1.6031,1.6031,34.3,0.000500
2026-05-26 01:50:11,0,937,1.4062,1.4061,51.6,0.000500
2026-05-26 01:51:13,50,937,1.6247,1.6247,33.5,0.000500
2026-05-26 01:52:16,100,937,1.6020,1.6020,34.6,0.000500
2026-05-26 01:53:17,150,937,1.5945,1.5945,34.5,0.000500
2026-05-26 01:54:24,200,937,1.5873,1.5873,34.7,0.000500
2026-05-26 01:55:31,250,937,1.5843,1.5843,34.9,0.000500
2026-05-26 01:56:37,300,937,1.5865,1.5864,34.7,0.000500
2026-05-26 01:57:43,350,937,1.5808,1.5808,35.0,0.000500
2026-05-26 01:58:49,400,937,1.5792,1.5792,35.1,0.000500
2026-05-26 01:59:55,450,937,1.5767,1.5767,35.4,0.000500
2026-05-26 02:01:01,500,937,1.5722,1.5722,35.6,0.000500
2026-05-26 02:02:08,550,937,1.5688,1.5688,35.7,0.000500
2026-05-26 02:03:14,600,937,1.5670,1.5670,35.8,0.000500
2026-05-26 02:04:20,650,937,1.5637,1.5636,35.8,0.000500
2026-05-26 02:05:26,700,937,1.5628,1.5628,35.8,0.000500
2026-05-26 02:06:33,750,937,1.5615,1.5615,35.9,0.000500
2026-05-26 02:07:39,800,937,1.5581,1.5580,36.1,0.000500
2026-05-26 02:08:45,850,937,1.5580,1.5579,36.2,0.000500
2026-05-26 02:09:51,900,937,1.5598,1.5597,36.1,0.000499
2026-05-26 02:12:00,0,937,1.7990,1.7990,32.8,0.000499
2026-05-26 02:13:06,50,937,1.5553,1.5553,36.8,0.000499
2026-05-26 02:14:12,100,937,1.5397,1.5397,37.4,0.000499
2026-05-26 02:15:18,150,937,1.5368,1.5368,37.4,0.000499
2026-05-26 02:16:24,200,937,1.5276,1.5276,37.8,0.000499
2026-05-26 02:17:30,250,937,1.5263,1.5263,37.9,0.000499
2026-05-26 02:18:36,300,937,1.5233,1.5233,38.0,0.000499
2026-05-26 02:19:41,350,937,1.5163,1.5163,38.2,0.000499
2026-05-26 02:20:48,400,937,1.5148,1.5147,38.3,0.000499
2026-05-26 02:21:54,450,937,1.5102,1.5102,38.4,0.000499
2026-05-26 02:22:59,500,937,1.5096,1.5096,38.5,0.000499
2026-05-26 02:24:05,550,937,1.5089,1.5088,38.6,0.000499
2026-05-26 02:25:11,600,937,1.5065,1.5065,38.6,0.000499
2026-05-26 02:26:17,650,937,1.5075,1.5074,38.5,0.000499
2026-05-26 02:27:22,700,937,1.5080,1.5080,38.4,0.000499
2026-05-26 02:28:28,750,937,1.5056,1.5056,38.5,0.000499
2026-05-26 02:29:34,800,937,1.5017,1.5017,38.6,0.000499
2026-05-26 02:30:39,850,937,1.5020,1.5020,38.6,0.000499
2026-05-26 02:31:45,900,937,1.5006,1.5005,38.6,0.000499
2026-05-26 02:33:54,0,937,1.5081,1.5081,40.6,0.000499
2026-05-26 02:34:59,50,937,1.4803,1.4803,39.0,0.000499
2026-05-26 02:36:06,100,937,1.4614,1.4614,39.9,0.000499
2026-05-26 02:37:12,150,937,1.4676,1.4676,39.5,0.000499
2026-05-26 02:38:18,200,937,1.4719,1.4718,39.3,0.000499
2026-05-26 02:39:23,250,937,1.4776,1.4776,39.1,0.000499
2026-05-26 02:40:29,300,937,1.4706,1.4705,39.4,0.000499
2026-05-26 02:41:35,350,937,1.4688,1.4688,39.6,0.000498
2026-05-26 02:42:41,400,937,1.4658,1.4658,39.8,0.000498
2026-05-26 02:43:47,450,937,1.4627,1.4626,40.0,0.000498
2026-05-26 02:44:52,500,937,1.4622,1.4621,40.1,0.000498
2026-05-26 02:45:59,550,937,1.4576,1.4575,40.4,0.000498
2026-05-26 02:47:05,600,937,1.4560,1.4560,40.4,0.000498
2026-05-26 02:48:11,650,937,1.4529,1.4529,40.6,0.000498
2026-05-26 02:49:16,700,937,1.4512,1.4512,40.7,0.000498
2026-05-26 02:50:22,750,937,1.4515,1.4515,40.6,0.000498
2026-05-26 02:51:28,800,937,1.4500,1.4500,40.7,0.000498
2026-05-26 02:52:33,850,937,1.4491,1.4491,40.8,0.000498
2026-05-26 02:53:38,900,937,1.4477,1.4477,40.9,0.000498
2026-05-26 02:55:54,0,937,1.2552,1.2551,40.6,0.000498
2026-05-26 02:57:01,50,937,1.4348,1.4347,40.7,0.000498
2026-05-26 02:58:07,100,937,1.4432,1.4431,41.2,0.000498
2026-05-26 02:59:13,150,937,1.4365,1.4365,41.8,0.000498
2026-05-26 03:00:19,200,937,1.4367,1.4366,41.7,0.000498
2026-05-26 03:01:25,250,937,1.4352,1.4352,41.7,0.000498
2026-05-26 03:02:31,300,937,1.4310,1.4309,42.1,0.000498
2026-05-26 03:03:38,350,937,1.4264,1.4264,42.3,0.000497
2026-05-26 03:04:44,400,937,1.4219,1.4219,42.4,0.000497
2026-05-26 03:05:51,450,937,1.4183,1.4183,42.5,0.000497
2026-05-26 03:06:57,500,937,1.4182,1.4182,42.4,0.000497
2026-05-26 03:08:03,550,937,1.4182,1.4182,42.4,0.000497
2026-05-26 03:09:10,600,937,1.4179,1.4179,42.5,0.000497
2026-05-26 03:10:16,650,937,1.4180,1.4180,42.5,0.000497
2026-05-26 03:11:22,700,937,1.4182,1.4181,42.5,0.000497
2026-05-26 03:12:28,750,937,1.4160,1.4160,42.6,0.000497
2026-05-26 03:13:34,800,937,1.4152,1.4151,42.7,0.000497
2026-05-26 03:14:41,850,937,1.4142,1.4142,42.7,0.000497
2026-05-26 03:15:49,900,937,1.4115,1.4115,42.8,0.000497
2026-05-26 03:17:57,0,937,1.4659,1.4658,46.9,0.000497
2026-05-26 03:19:03,50,937,1.3935,1.3935,42.9,0.000497
2026-05-26 03:20:09,100,937,1.3831,1.3830,43.5,0.000497
2026-05-26 03:21:15,150,937,1.3899,1.3899,43.8,0.000496
2026-05-26 03:22:21,200,937,1.3798,1.3798,44.0,0.000496
2026-05-26 03:23:27,250,937,1.3823,1.3822,44.1,0.000496
2026-05-26 03:24:33,300,937,1.3842,1.3842,44.0,0.000496
2026-05-26 03:25:39,350,937,1.3792,1.3792,44.4,0.000496
2026-05-26 03:26:45,400,937,1.3761,1.3761,44.5,0.000496
2026-05-26 03:27:51,450,937,1.3766,1.3766,44.5,0.000496
2026-05-26 03:28:56,500,937,1.3723,1.3722,44.6,0.000496
2026-05-26 03:30:02,550,937,1.3711,1.3711,44.7,0.000496
2026-05-26 03:31:08,600,937,1.3737,1.3736,44.6,0.000496
2026-05-26 03:32:14,650,937,1.3731,1.3731,44.7,0.000496
2026-05-26 03:33:20,700,937,1.3739,1.3738,44.8,0.000496
2026-05-26 03:34:25,750,937,1.3718,1.3718,44.9,0.000496
2026-05-26 03:35:31,800,937,1.3706,1.3706,45.0,0.000495
2026-05-26 03:36:36,850,937,1.3701,1.3701,45.0,0.000495
2026-05-26 03:37:42,900,937,1.3693,1.3693,44.9,0.000495
2026-05-26 03:39:50,0,937,1.3981,1.3981,37.5,0.000495
2026-05-26 03:40:55,50,937,1.3310,1.3309,46.0,0.000495
2026-05-26 03:42:01,100,937,1.3479,1.3479,45.3,0.000495
2026-05-26 03:43:06,150,937,1.3467,1.3467,46.1,0.000495
2026-05-26 03:44:12,200,937,1.3441,1.3441,46.3,0.000495
2026-05-26 03:45:18,250,937,1.3419,1.3419,46.3,0.000495
2026-05-26 03:46:25,300,937,1.3401,1.3401,46.3,0.000495
2026-05-26 03:47:31,350,937,1.3363,1.3362,46.6,0.000495
2026-05-26 03:48:36,400,937,1.3352,1.3351,46.7,0.000495
2026-05-26 03:49:42,450,937,1.3338,1.3338,46.7,0.000494
2026-05-26 03:50:48,500,937,1.3351,1.3350,46.6,0.000494
2026-05-26 03:51:54,550,937,1.3328,1.3327,46.8,0.000494
2026-05-26 03:53:01,600,937,1.3331,1.3331,46.7,0.000494
2026-05-26 03:54:06,650,937,1.3309,1.3308,46.8,0.000494
2026-05-26 03:55:15,700,937,1.3291,1.3291,46.9,0.000494
2026-05-26 03:56:36,750,937,1.3269,1.3268,47.0,0.000494
2026-05-26 03:57:49,800,937,1.3241,1.3241,47.1,0.000494
2026-05-26 03:58:50,850,937,1.3233,1.3232,47.1,0.000494
2026-05-26 03:59:51,900,937,1.3219,1.3219,47.2,0.000494
2026-05-26 04:01:51,0,937,1.1821,1.1820,48.4,0.000494
2026-05-26 04:02:52,50,937,1.2844,1.2843,48.3,0.000493
2026-05-26 04:03:53,100,937,1.2932,1.2931,48.4,0.000493
2026-05-26 04:04:54,150,937,1.2864,1.2863,48.6,0.000493
2026-05-26 04:05:56,200,937,1.2782,1.2782,48.9,0.000493
2026-05-26 04:06:57,250,937,1.2740,1.2739,49.1,0.000493
2026-05-26 04:07:58,300,937,1.2755,1.2755,48.9,0.000493
2026-05-26 04:08:59,350,937,1.2744,1.2744,49.0,0.000493
2026-05-26 04:10:00,400,937,1.2759,1.2758,49.1,0.000493
2026-05-26 04:11:01,450,937,1.2742,1.2741,49.3,0.000493
2026-05-26 04:12:02,500,937,1.2745,1.2744,49.3,0.000492
2026-05-26 04:13:04,550,937,1.2768,1.2767,49.1,0.000492
2026-05-26 04:14:04,600,937,1.2763,1.2762,49.1,0.000492
2026-05-26 04:15:05,650,937,1.2732,1.2731,49.2,0.000492
2026-05-26 04:16:06,700,937,1.2705,1.2704,49.4,0.000492
2026-05-26 04:17:08,750,937,1.2698,1.2697,49.4,0.000492
2026-05-26 04:18:09,800,937,1.2696,1.2695,49.4,0.000492
2026-05-26 04:19:10,850,937,1.2679,1.2678,49.5,0.000492
2026-05-26 04:20:11,900,937,1.2664,1.2663,49.5,0.000492
2026-05-26 04:22:10,0,937,1.0829,1.0827,53.1,0.000492
2026-05-26 04:23:11,50,937,1.2213,1.2212,51.9,0.000491
2026-05-26 04:24:12,100,937,1.2248,1.2247,51.5,0.000491
2026-05-26 04:25:13,150,937,1.2300,1.2298,50.8,0.000491
2026-05-26 04:26:14,200,937,1.2292,1.2290,51.0,0.000491
2026-05-26 04:27:14,250,937,1.2333,1.2332,50.9,0.000491
2026-05-26 04:28:15,300,937,1.2342,1.2340,50.9,0.000491
2026-05-26 04:29:16,350,937,1.2336,1.2335,50.9,0.000491
2026-05-26 04:30:17,400,937,1.2358,1.2356,50.8,0.000491
2026-05-26 04:31:18,450,937,1.2312,1.2310,51.0,0.000490
2026-05-26 04:32:19,500,937,1.2283,1.2282,51.1,0.000490
2026-05-26 04:33:20,550,937,1.2230,1.2229,51.3,0.000490
2026-05-26 04:34:22,600,937,1.2181,1.2179,51.6,0.000490
2026-05-26 04:35:23,650,937,1.2119,1.2118,51.8,0.000490
2026-05-26 04:36:24,700,937,1.2078,1.2076,51.9,0.000490
2026-05-26 04:37:25,750,937,1.2029,1.2027,52.1,0.000490
2026-05-26 04:38:26,800,937,1.2011,1.2009,52.1,0.000490
2026-05-26 04:39:27,850,937,1.1990,1.1988,52.2,0.000490
2026-05-26 04:40:28,900,937,1.1964,1.1962,52.3,0.000489
2026-05-26 04:42:27,0,937,1.2165,1.2163,54.7,0.000489
2026-05-26 04:43:28,50,937,1.1803,1.1801,53.1,0.000489
2026-05-26 04:44:28,100,937,1.1460,1.1458,54.5,0.000489
2026-05-26 04:45:30,150,937,1.1469,1.1468,54.3,0.000489
2026-05-26 04:46:30,200,937,1.1354,1.1352,54.9,0.000489
2026-05-26 04:47:31,250,937,1.1299,1.1297,55.2,0.000489
2026-05-26 04:48:33,300,937,1.1275,1.1273,55.1,0.000489
2026-05-26 04:49:34,350,937,1.1218,1.1216,55.3,0.000488
2026-05-26 04:50:34,400,937,1.1175,1.1174,55.4,0.000488
2026-05-26 04:51:35,450,937,1.1165,1.1164,55.5,0.000488
2026-05-26 04:52:37,500,937,1.1150,1.1149,55.6,0.000488
2026-05-26 04:53:38,550,937,1.1161,1.1159,55.4,0.000488
2026-05-26 04:54:40,600,937,1.1135,1.1134,55.6,0.000488
2026-05-26 04:55:40,650,937,1.1110,1.1109,55.6,0.000488
2026-05-26 04:56:41,700,937,1.1084,1.1082,55.6,0.000487
2026-05-26 04:57:43,750,937,1.1025,1.1023,55.9,0.000487
2026-05-26 04:58:51,800,937,1.1008,1.1006,56.0,0.000487
2026-05-26 04:59:58,850,937,1.0969,1.0967,56.2,0.000487
2026-05-26 05:01:05,900,937,1.0968,1.0967,56.2,0.000487
2026-05-26 05:03:15,0,937,0.9997,0.9996,60.9,0.000487
2026-05-26 05:04:22,50,937,1.0477,1.0476,59.4,0.000487
2026-05-26 05:05:28,100,937,1.0348,1.0347,58.9,0.000487
2026-05-26 05:06:35,150,937,1.0462,1.0460,58.6,0.000486
2026-05-26 05:07:41,200,937,1.0654,1.0653,57.8,0.000486
2026-05-26 05:08:48,250,937,1.0632,1.0630,57.7,0.000486
2026-05-26 05:09:54,300,937,1.0730,1.0729,57.3,0.000486
2026-05-26 05:11:01,350,937,1.0779,1.0777,57.1,0.000486
2026-05-26 05:12:07,400,937,1.0755,1.0754,57.2,0.000486
2026-05-26 05:13:12,450,937,1.0758,1.0757,57.2,0.000486
2026-05-26 05:14:18,500,937,1.0743,1.0741,57.2,0.000485
2026-05-26 05:15:24,550,937,1.0702,1.0700,57.3,0.000485
2026-05-26 05:16:30,600,937,1.0695,1.0694,57.3,0.000485
2026-05-26 05:17:35,650,937,1.0663,1.0661,57.5,0.000485
2026-05-26 05:18:42,700,937,1.0642,1.0641,57.6,0.000485
2026-05-26 05:19:47,750,937,1.0859,1.0858,57.0,0.000485
2026-05-26 05:20:53,800,937,1.0879,1.0878,56.8,0.000484
2026-05-26 05:21:59,850,937,1.0915,1.0913,56.7,0.000484
2026-05-26 05:23:05,900,937,1.0939,1.0938,56.6,0.000484
2026-05-26 05:25:14,0,937,1.0651,1.0650,53.1,0.000484
2026-05-26 05:26:20,50,937,1.0435,1.0434,58.5,0.000484
2026-05-26 05:27:26,100,937,1.0348,1.0347,58.6,0.000484
2026-05-26 05:28:32,150,937,1.0426,1.0425,58.3,0.000484
2026-05-26 05:29:38,200,937,1.0511,1.0510,57.9,0.000483
2026-05-26 05:30:44,250,937,1.0474,1.0473,58.1,0.000483
2026-05-26 05:31:50,300,937,1.0470,1.0469,58.3,0.000483
2026-05-26 05:32:55,350,937,1.0534,1.0533,58.0,0.000483
2026-05-26 05:34:01,400,937,1.0583,1.0582,57.8,0.000483
2026-05-26 05:35:07,450,937,1.0679,1.0678,57.6,0.000483
2026-05-26 05:36:13,500,937,1.0864,1.0863,56.9,0.000482
2026-05-26 05:37:19,550,937,1.0864,1.0863,56.8,0.000482
2026-05-26 05:38:24,600,937,1.0810,1.0809,57.0,0.000482
2026-05-26 05:39:30,650,937,1.0857,1.0856,56.8,0.000482
2026-05-26 05:40:35,700,937,1.0810,1.0809,57.0,0.000482
2026-05-26 05:41:41,750,937,1.0798,1.0797,57.0,0.000482
2026-05-26 05:42:47,800,937,1.0778,1.0778,57.1,0.000482
2026-05-26 05:43:53,850,937,1.0741,1.0740,57.2,0.000481
2026-05-26 05:44:59,900,937,1.0737,1.0736,57.3,0.000481
2026-05-26 05:47:08,0,937,0.8495,0.8494,68.8,0.000481
2026-05-26 05:48:13,50,937,1.0200,1.0199,59.8,0.000481
2026-05-26 05:49:19,100,937,1.0414,1.0413,59.2,0.000481
2026-05-26 05:50:25,150,937,1.0568,1.0567,58.3,0.000481
2026-05-26 05:51:33,200,937,1.0642,1.0641,57.6,0.000480
2026-05-26 05:52:42,250,937,1.0622,1.0621,57.5,0.000480
2026-05-26 05:53:51,300,937,1.0523,1.0522,58.1,0.000480
2026-05-26 05:54:57,350,937,1.0524,1.0523,58.2,0.000480
2026-05-26 05:56:03,400,937,1.0534,1.0533,58.1,0.000480
2026-05-26 05:57:09,450,937,1.0532,1.0531,58.1,0.000480
2026-05-26 05:58:17,500,937,1.0550,1.0549,58.0,0.000479
2026-05-26 05:59:32,550,937,1.0565,1.0564,58.0,0.000479
2026-05-26 06:00:38,600,937,1.0672,1.0671,57.7,0.000479
2026-05-26 06:01:40,650,937,1.0604,1.0603,58.0,0.000479
2026-05-26 06:02:41,700,937,1.0558,1.0557,58.1,0.000479
2026-05-26 06:03:42,750,937,1.0523,1.0522,58.3,0.000478
2026-05-26 06:04:43,800,937,1.0503,1.0502,58.5,0.000478
2026-05-26 06:05:43,850,937,1.0491,1.0490,58.5,0.000478
2026-05-26 06:06:44,900,937,1.0475,1.0474,58.5,0.000478
2026-05-26 06:08:43,0,937,1.2194,1.2193,46.9,0.000478
2026-05-26 06:09:44,50,937,1.0520,1.0519,58.5,0.000478
2026-05-26 06:10:45,100,937,1.0274,1.0273,59.6,0.000477
2026-05-26 06:11:46,150,937,1.0191,1.0190,59.5,0.000477
2026-05-26 06:12:47,200,937,1.0276,1.0275,59.2,0.000477
2026-05-26 06:13:48,250,937,1.0283,1.0282,59.1,0.000477
2026-05-26 06:14:49,300,937,1.0378,1.0377,58.5,0.000477
2026-05-26 06:15:50,350,937,1.0344,1.0344,58.7,0.000477
2026-05-26 06:16:51,400,937,1.0348,1.0347,58.7,0.000476
2026-05-26 06:17:53,450,937,1.0306,1.0305,59.1,0.000476
2026-05-26 06:18:54,500,937,1.0282,1.0281,59.1,0.000476
2026-05-26 06:19:55,550,937,1.0242,1.0242,59.3,0.000476
2026-05-26 06:20:56,600,937,1.0203,1.0203,59.5,0.000476
2026-05-26 06:21:57,650,937,1.0221,1.0221,59.4,0.000475
2026-05-26 06:22:58,700,937,1.0286,1.0285,59.1,0.000475
2026-05-26 06:24:00,750,937,1.0282,1.0281,59.1,0.000475
2026-05-26 06:25:01,800,937,1.0232,1.0232,59.4,0.000475
2026-05-26 06:26:02,850,937,1.0219,1.0219,59.4,0.000475
2026-05-26 06:27:03,900,937,1.0196,1.0195,59.6,0.000474
2026-05-26 06:29:02,0,937,0.7305,0.7305,75.0,0.000474
2026-05-26 06:30:03,50,937,0.9859,0.9858,61.2,0.000474
2026-05-26 06:31:04,100,937,1.0232,1.0231,60.0,0.000474
2026-05-26 06:32:05,150,937,1.0206,1.0205,59.6,0.000474
2026-05-26 06:33:07,200,937,1.0253,1.0252,59.5,0.000474
2026-05-26 06:34:08,250,937,1.0139,1.0139,60.1,0.000473
2026-05-26 06:35:09,300,937,1.0098,1.0097,60.2,0.000473
2026-05-26 06:36:10,350,937,1.0097,1.0096,59.9,0.000473
2026-05-26 06:37:11,400,937,1.0088,1.0087,60.0,0.000473
2026-05-26 06:38:12,450,937,1.0104,1.0103,60.0,0.000473
2026-05-26 06:39:13,500,937,1.0094,1.0093,60.0,0.000472
2026-05-26 06:40:15,550,937,1.0093,1.0092,60.0,0.000472
2026-05-26 06:41:16,600,937,1.0072,1.0071,60.0,0.000472
2026-05-26 06:42:17,650,937,1.0103,1.0102,60.0,0.000472
2026-05-26 06:43:18,700,937,1.0106,1.0105,60.1,0.000472
2026-05-26 06:44:19,750,937,1.0066,1.0065,60.2,0.000471
2026-05-26 06:45:21,800,937,1.0105,1.0104,60.0,0.000471
2026-05-26 06:46:22,850,937,1.0158,1.0157,59.8,0.000471
2026-05-26 06:47:23,900,937,1.0137,1.0136,59.8,0.000471
2026-05-26 06:49:21,0,937,0.7166,0.7165,57.8,0.000471
2026-05-26 06:50:23,50,937,0.9791,0.9790,62.2,0.000470
2026-05-26 06:51:24,100,937,1.0063,1.0063,60.9,0.000470
2026-05-26 06:52:25,150,937,0.9978,0.9978,61.0,0.000470
2026-05-26 06:53:26,200,937,1.0048,1.0047,60.9,0.000470
2026-05-26 06:54:27,250,937,1.0018,1.0018,60.7,0.000470
2026-05-26 06:55:28,300,937,0.9980,0.9980,60.7,0.000469
2026-05-26 06:56:29,350,937,1.0013,1.0013,60.5,0.000469
2026-05-26 06:57:31,400,937,1.0006,1.0005,60.5,0.000469
2026-05-26 06:58:32,450,937,0.9969,0.9969,60.7,0.000469
2026-05-26 06:59:33,500,937,1.0017,1.0016,60.5,0.000469
2026-05-26 07:00:36,550,937,1.0019,1.0018,60.6,0.000468
2026-05-26 07:01:38,600,937,1.0000,0.9999,60.6,0.000468
2026-05-26 07:02:40,650,937,1.0008,1.0007,60.5,0.000468
2026-05-26 07:03:47,700,937,0.9985,0.9985,60.6,0.000468
2026-05-26 07:04:53,750,937,0.9965,0.9965,60.7,0.000467
2026-05-26 07:05:59,800,937,1.0001,1.0001,60.6,0.000467
2026-05-26 07:07:05,850,937,0.9992,0.9991,60.6,0.000467
2026-05-26 07:08:11,900,937,0.9972,0.9971,60.7,0.000467
2026-05-26 07:10:21,0,937,0.9691,0.9691,60.9,0.000467
2026-05-26 07:11:27,50,937,0.9234,0.9234,63.0,0.000466
2026-05-26 07:12:32,100,937,0.9722,0.9721,61.7,0.000466
2026-05-26 07:13:38,150,937,0.9928,0.9927,60.7,0.000466
2026-05-26 07:14:43,200,937,0.9950,0.9949,61.1,0.000466
2026-05-26 07:15:49,250,937,0.9972,0.9972,61.0,0.000466
2026-05-26 07:16:55,300,937,0.9998,0.9997,60.9,0.000465
2026-05-26 07:18:01,350,937,0.9986,0.9985,60.7,0.000465
2026-05-26 07:19:07,400,937,1.0009,1.0008,60.5,0.000465
2026-05-26 07:20:13,450,937,0.9998,0.9997,60.6,0.000465
2026-05-26 07:21:19,500,937,0.9938,0.9937,60.8,0.000464
2026-05-26 07:22:24,550,937,0.9928,0.9927,60.9,0.000464
2026-05-26 07:23:29,600,937,0.9908,0.9907,61.0,0.000464
2026-05-26 07:24:35,650,937,0.9874,0.9874,61.1,0.000464
2026-05-26 07:25:40,700,937,0.9850,0.9850,61.2,0.000464
2026-05-26 07:26:46,750,937,0.9853,0.9852,61.2,0.000463
2026-05-26 07:27:51,800,937,0.9871,0.9871,61.1,0.000463
2026-05-26 07:28:57,850,937,0.9855,0.9854,61.3,0.000463
2026-05-26 07:30:03,900,937,0.9855,0.9854,61.2,0.000463
2026-05-26 07:32:11,0,937,0.8928,0.8927,68.8,0.000462
2026-05-26 07:33:16,50,937,0.9779,0.9778,62.3,0.000462
2026-05-26 07:34:22,100,937,0.9885,0.9884,61.6,0.000462
2026-05-26 07:35:27,150,937,0.9987,0.9987,60.7,0.000462
2026-05-26 07:36:33,200,937,0.9949,0.9948,60.7,0.000462
2026-05-26 07:37:38,250,937,1.0201,1.0200,59.7,0.000461
2026-05-26 07:38:44,300,937,1.0062,1.0062,60.2,0.000461
2026-05-26 07:39:49,350,937,1.0069,1.0068,60.2,0.000461
2026-05-26 07:40:55,400,937,1.0062,1.0062,60.4,0.000461
2026-05-26 07:42:01,450,937,1.0044,1.0043,60.4,0.000460
2026-05-26 07:43:07,500,937,1.0150,1.0150,60.1,0.000460
2026-05-26 07:44:13,550,937,1.0123,1.0123,60.1,0.000460
2026-05-26 07:45:19,600,937,1.0128,1.0127,60.1,0.000460
2026-05-26 07:46:25,650,937,1.0151,1.0151,60.0,0.000459
2026-05-26 07:47:31,700,937,1.0116,1.0115,60.2,0.000459
2026-05-26 07:48:38,750,937,1.0091,1.0090,60.3,0.000459
2026-05-26 07:49:44,800,937,1.0073,1.0072,60.4,0.000459
2026-05-26 07:50:51,850,937,1.0129,1.0129,60.1,0.000458
2026-05-26 07:51:57,900,937,1.0125,1.0125,60.2,0.000458
2026-05-26 07:54:05,0,937,1.0023,1.0022,65.6,0.000458
2026-05-26 07:55:11,50,937,1.0069,1.0069,61.0,0.000458
2026-05-26 07:56:17,100,937,0.9974,0.9973,61.2,0.000458
2026-05-26 07:57:23,150,937,0.9966,0.9965,61.0,0.000457
2026-05-26 07:58:29,200,937,1.0081,1.0080,60.8,0.000457
2026-05-26 07:59:34,250,937,1.0081,1.0080,60.7,0.000457
2026-05-26 08:00:41,300,937,1.0279,1.0278,59.8,0.000457
2026-05-26 08:01:47,350,937,1.0261,1.0260,59.7,0.000456
2026-05-26 08:02:53,400,937,1.0431,1.0431,59.0,0.000456
2026-05-26 08:04:03,450,937,1.0383,1.0383,59.3,0.000456
2026-05-26 08:05:16,500,937,1.0308,1.0308,59.5,0.000456
2026-05-26 08:06:29,550,937,1.0236,1.0235,59.7,0.000455
2026-05-26 08:07:35,600,937,1.0184,1.0183,59.9,0.000455
2026-05-26 08:08:42,650,937,1.0137,1.0137,60.1,0.000455
2026-05-26 08:09:47,700,937,1.0130,1.0129,60.1,0.000455
2026-05-26 08:10:53,750,937,1.0079,1.0079,60.4,0.000454
2026-05-26 08:11:58,800,937,1.0080,1.0080,60.4,0.000454
2026-05-26 08:13:04,850,937,1.0053,1.0053,60.5,0.000454
2026-05-26 08:14:10,900,937,1.0066,1.0066,60.4,0.000454
2026-05-26 08:16:18,0,937,1.0610,1.0610,67.2,0.000453
2026-05-26 08:17:24,50,937,1.0407,1.0407,58.9,0.000453
2026-05-26 08:18:29,100,937,1.0401,1.0401,59.3,0.000453
2026-05-26 08:19:35,150,937,1.0389,1.0388,59.3,0.000453
2026-05-26 08:20:41,200,937,1.0043,1.0043,60.5,0.000452
2026-05-26 08:21:49,250,937,0.9943,0.9942,61.1,0.000452
2026-05-26 08:22:55,300,937,0.9920,0.9919,61.0,0.000452
2026-05-26 08:24:01,350,937,1.0078,1.0077,60.5,0.000452
2026-05-26 08:25:07,400,937,1.0143,1.0143,60.3,0.000451
2026-05-26 08:26:13,450,937,1.0129,1.0128,60.2,0.000451
2026-05-26 08:27:19,500,937,1.0063,1.0063,60.5,0.000451
2026-05-26 08:28:27,550,937,1.0029,1.0029,60.6,0.000451
2026-05-26 08:29:34,600,937,1.0023,1.0023,60.6,0.000450
2026-05-26 08:30:41,650,937,1.0009,1.0009,60.7,0.000450
2026-05-26 08:31:48,700,937,1.0020,1.0019,60.6,0.000450
2026-05-26 08:32:57,750,937,0.9982,0.9982,60.8,0.000450
2026-05-26 08:34:06,800,937,1.0019,1.0019,60.6,0.000449
2026-05-26 08:35:13,850,937,1.0035,1.0034,60.6,0.000449
2026-05-26 08:36:17,900,937,1.0056,1.0056,60.5,0.000449
2026-05-26 08:38:20,0,937,0.9377,0.9376,57.8,0.000449
2026-05-26 08:39:24,50,937,1.0059,1.0058,60.2,0.000448
2026-05-26 08:40:27,100,937,0.9883,0.9883,61.1,0.000448
2026-05-26 08:41:31,150,937,0.9951,0.9950,61.2,0.000448
2026-05-26 08:42:34,200,937,0.9950,0.9949,61.4,0.000448
2026-05-26 08:43:38,250,937,1.0110,1.0110,60.4,0.000447
2026-05-26 08:44:42,300,937,1.0206,1.0205,60.1,0.000447
2026-05-26 08:45:45,350,937,1.0230,1.0230,60.0,0.000447
2026-05-26 08:46:49,400,937,1.0094,1.0093,60.4,0.000446
2026-05-26 08:47:53,450,937,0.9998,0.9997,60.8,0.000446
2026-05-26 08:48:57,500,937,0.9958,0.9957,61.0,0.000446
2026-05-26 08:50:00,550,937,0.9982,0.9982,60.9,0.000446
2026-05-26 08:51:04,600,937,0.9976,0.9975,61.0,0.000445
2026-05-26 08:52:09,650,937,0.9945,0.9944,61.0,0.000445
2026-05-26 08:53:12,700,937,0.9953,0.9953,61.0,0.000445
2026-05-26 08:54:16,750,937,0.9915,0.9915,61.1,0.000445
2026-05-26 08:55:20,800,937,0.9918,0.9918,61.0,0.000444
2026-05-26 08:56:24,850,937,0.9950,0.9949,60.9,0.000444
2026-05-26 08:57:28,900,937,0.9941,0.9940,61.0,0.000444
2026-05-26 08:59:32,0,937,0.8471,0.8471,75.0,0.000444
2026-05-26 09:00:36,50,937,1.0560,1.0560,59.5,0.000443
2026-05-26 09:01:40,100,937,1.0019,1.0019,61.4,0.000443
2026-05-26 09:02:43,150,937,1.0670,1.0669,59.0,0.000443
2026-05-26 09:03:51,200,937,1.0723,1.0723,58.4,0.000442
2026-05-26 09:05:00,250,937,1.0687,1.0686,58.3,0.000442
2026-05-26 09:06:06,300,937,1.0552,1.0552,58.8,0.000442
2026-05-26 09:07:16,350,937,1.0522,1.0521,58.9,0.000442
2026-05-26 09:08:25,400,937,1.0472,1.0471,59.0,0.000441
2026-05-26 09:09:32,450,937,1.0427,1.0426,59.2,0.000441
